{"properties": [
  {
    "name": "spring.datasource.healthcare.url",
    "type": "java.lang.String",
    "description": "A description for 'spring.datasource.healthcare.url'"
  },
  {
    "name": "spring.datasource.healthcare.driverClassName",
    "type": "java.lang.String",
    "description": "A description for 'spring.datasource.healthcare.driverClassName'"
  },
  {
    "name": "spring.datasource.healthcare.username",
    "type": "java.lang.String",
    "description": "A description for 'spring.datasource.healthcare.username'"
  },
  {
    "name": "spring.datasource.healthcare.password",
    "type": "java.lang.String",
    "description": "A description for 'spring.datasource.healthcare.password'"
  },
  {
    "name": "spring.datasource.healthcare.driver-class-name",
    "type": "java.lang.String",
    "description": "A description for 'spring.datasource.healthcare.driver-class-name'"
  }
]}